,일시,count,사고번호,사망자수,중상자수,경상자수,부상신고자수,사상자합계,평균기온(°C),최저기온(°C),최고기온(°C),1시간 최다강수량(mm),평균 풍속(m/s),평균 증기압(hPa),평균 현지기압(hPa),일 최심적설(cm)
337,2022-01-01,0.0,0.0,0.0,0.0,0.0,0.0,0.0,-5.1,-10.7,0.7,0.0,0.5,2.2,1019.7,0.0
0,2022-01-02,1.0,2022010200100246.0,0.0,1.0,0.0,0.0,0.1168,-1.4,-8.0,6.3,0.0,1.0,3.3,1015.6,0.0
1,2022-01-03,2.0,4044020600200399.0,0.0,0.0,2.0,0.0,0.0136,-2.1,-8.0,3.5,0.0,0.7,3.3,1015.2,0.0
338,2022-01-04,0.0,0.0,0.0,0.0,0.0,0.0,0.0,-0.4,-4.7,4.5,0.0,1.5,2.7,1016.5,0.0
2,2022-01-05,2.0,4044021000200901.0,0.0,0.0,2.0,0.0,0.0136,-2.6,-7.0,1.5,0.0,0.5,2.6,1016.0,0.0
3,2022-01-06,1.0,2022010600100104.0,0.0,1.0,0.0,0.0,0.1168,-1.2,-6.7,5.0,0.0,0.9,2.6,1017.5,0.0
4,2022-01-07,2.0,4044021400201103.0,0.0,0.0,1.0,1.0,0.0101,-2.0,-7.8,5.2,0.0,0.4,2.7,1018.4,0.0
339,2022-01-08,0.0,0.0,0.0,0.0,0.0,0.0,0.0,0.3,-7.3,7.1,0.0,0.7,3.7,1013.8,0.0
5,2022-01-09,2.0,4044021800200295.0,0.0,1.0,1.0,0.0,0.1236,1.8,-2.0,6.3,0.0,1.0,4.4,1011.2,0.0
6,2022-01-10,1.0,2022011000100528.0,0.0,2.0,0.0,0.0,0.2336,0.1,-4.9,5.8,0.0,0.7,4.0,1009.5,0.0
7,2022-01-11,1.0,2022011100100445.0,0.0,0.0,2.0,0.0,0.0136,-4.5,-7.4,-0.4,0.0,2.8,2.3,1009.4,0.0
8,2022-01-12,1.0,2022011200100485.0,0.0,1.0,0.0,0.0,0.1168,-5.8,-11.5,0.2,0.0,1.3,1.9,1011.7,0.0
9,2022-01-13,4.0,8088045200401576.0,0.0,2.0,2.0,1.0,0.2505,-4.9,-7.7,-1.0,0.0,2.3,2.2,1010.8,0.0
10,2022-01-14,7.0,1.4154079800702744e+16,0.0,3.0,5.0,0.0,0.3844,-4.5,-10.7,2.4,0.0,0.7,1.9,1014.6,0.0
11,2022-01-15,1.0,2022011500100117.0,0.0,1.0,0.0,0.0,0.1168,-0.1,-6.6,5.5,0.0,0.7,2.7,1012.0,0.0
340,2022-01-16,0.0,0.0,0.0,0.0,0.0,0.0,0.0,-0.3,-5.1,2.9,0.0,1.9,3.2,1014.0,0.0
12,2022-01-17,1.0,2022011700100491.0,0.0,0.0,1.0,0.0,0.0068,-3.5,-8.0,1.9,0.0,1.7,2.8,1016.2,0.0
13,2022-01-18,2.0,4044023600200246.0,0.0,0.0,2.0,0.0,0.0136,-4.5,-10.1,1.6,0.0,1.1,1.7,1017.2,0.0
14,2022-01-19,2.0,4044023800200938.0,0.0,2.0,3.0,0.0,0.254,-3.9,-9.5,2.1,0.0,1.2,3.0,1013.6,0.0
15,2022-01-20,3.0,6066036000301434.0,0.0,1.0,3.0,0.0,0.1372,-4.4,-10.7,2.1,0.0,0.9,2.4,1017.3,0.0
341,2022-01-21,0.0,0.0,0.0,0.0,0.0,0.0,0.0,-2.5,-9.4,5.2,0.0,0.5,2.5,1018.7,0.0
16,2022-01-22,1.0,2022012200100122.0,0.0,0.0,1.0,0.0,0.0068,2.5,-3.5,8.8,0.0,0.5,3.5,1014.7,0.0
17,2022-01-23,1.0,2022012300100285.0,0.0,0.0,1.0,0.0,0.0068,3.9,-0.2,9.6,0.0,0.8,3.9,1010.4,0.0
342,2022-01-24,0.0,0.0,0.0,0.0,0.0,0.0,0.0,3.8,-2.1,8.7,0.0,1.6,4.2,1010.5,0.0
343,2022-01-25,0.0,0.0,0.0,0.0,0.0,0.0,0.0,2.5,-0.3,4.8,0.0,0.9,6.1,1010.4,0.0
18,2022-01-26,3.0,6066037800301092.0,0.0,2.0,1.0,0.0,0.2404,2.0,-1.5,6.7,0.0,1.1,4.4,1013.5,0.0
19,2022-01-27,1.0,2022012700100182.0,0.0,1.0,0.0,0.0,0.1168,-0.2,-3.9,6.0,0.0,0.9,3.0,1013.8,0.0
20,2022-01-28,3.0,6066038400300789.0,0.0,0.0,5.0,0.0,0.033999999999999996,-1.2,-5.3,4.4,0.0,1.2,2.7,1013.5,0.0
21,2022-01-29,2.0,4044025800200408.0,0.0,1.0,1.0,0.0,0.1236,-2.5,-6.0,2.9,0.0,1.5,2.3,1011.2,0.0
22,2022-01-30,1.0,2022013000100298.0,0.0,0.0,0.0,1.0,0.0033,-2.7,-8.2,3.6,0.0,1.1,2.2,1011.1,0.0
23,2022-01-31,1.0,2022013100100094.0,0.0,0.0,1.0,0.0,0.0068,-1.1,-9.1,6.0,0.0,0.9,3.2,1013.1,0.0
24,2022-02-01,2.0,4044040200200156.0,1.0,0.0,1.0,0.0,1.0068,0.0,-2.1,2.9,0.0,1.4,4.0,1014.6,0.0
344,2022-02-02,0.0,0.0,0.0,0.0,0.0,0.0,0.0,-0.9,-3.5,2.7,0.0,1.5,2.6,1017.0,0.0
25,2022-02-03,1.0,2022020300100412.0,0.0,0.0,1.0,0.0,0.0068,-2.3,-5.9,2.7,0.0,1.8,2.3,1015.9,0.0
26,2022-02-04,3.0,6066061200301146.0,0.0,0.0,1.0,4.0,0.019999999999999997,-3.1,-6.4,1.7,0.0,1.8,2.6,1014.0,0.0
345,2022-02-05,0.0,0.0,0.0,0.0,0.0,0.0,0.0,-4.9,-8.9,-0.2,0.0,1.8,2.4,1015.4,0.0
27,2022-02-06,1.0,2022020600100206.0,0.0,0.0,1.0,0.0,0.0068,-3.1,-9.6,2.9,0.0,1.4,2.7,1017.0,0.0
28,2022-02-07,1.0,2022020700100179.0,0.0,0.0,0.0,1.0,0.0033,-2.2,-8.2,2.3,0.0,1.3,2.3,1017.2,0.0
29,2022-02-08,1.0,2022020800100488.0,0.0,0.0,2.0,0.0,0.0136,-0.5,-6.1,6.4,0.0,1.1,2.7,1016.4,0.0
30,2022-02-09,2.0,4044041800200363.0,0.0,1.0,2.0,0.0,0.1304,0.9,-6.3,7.7,0.0,0.7,2.6,1014.1,0.0
31,2022-02-10,1.0,2022021000100411.0,0.0,0.0,1.0,0.0,0.0068,2.2,-1.8,8.2,0.0,1.3,2.7,1012.2,0.0
32,2022-02-11,2.0,4044042200200863.0,0.0,0.0,2.0,0.0,0.0136,2.2,-4.7,10.0,0.0,1.0,3.1,1015.1,0.0
33,2022-02-12,1.0,2022021200100413.0,0.0,0.0,1.0,6.0,0.0266,4.1,-1.9,11.2,0.0,0.8,3.5,1013.5,0.0
34,2022-02-13,3.0,6066063900300731.0,0.0,0.0,5.0,0.0,0.033999999999999996,4.5,-0.4,10.6,0.0,0.7,4.0,1010.4,0.0
35,2022-02-14,4.0,8088085600401097.0,0.0,1.0,7.0,0.0,0.1644,3.5,-2.2,11.3,0.0,1.5,4.2,1009.4,0.0
36,2022-02-15,2.0,4044043000200531.0,0.0,2.0,1.0,0.0,0.2404,-3.1,-6.5,0.0,0.0,2.3,2.9,1011.1,0.0
37,2022-02-16,3.0,6066064800300641.0,0.0,0.0,3.0,0.0,0.020399999999999998,-5.9,-8.7,-2.1,0.0,2.4,2.2,1012.7,0.0
38,2022-02-17,1.0,2022021700100394.0,0.0,0.0,1.0,0.0,0.0068,-5.8,-10.4,-1.1,0.0,1.5,1.7,1017.0,0.0
39,2022-02-18,2.0,4044043600200483.0,0.0,0.0,1.0,1.0,0.0101,-1.5,-10.2,6.4,0.0,0.8,1.9,1018.3,0.0
40,2022-02-19,1.0,2022021900100035.0,0.0,0.0,1.0,0.0,0.0068,-0.3,-4.2,3.8,0.0,1.8,2.7,1012.7,0.0
41,2022-02-20,2.0,4044044000200343.0,0.0,0.0,3.0,0.0,0.020399999999999998,-3.9,-6.7,0.1,0.0,2.8,1.9,1015.5,0.0
42,2022-02-21,1.0,2022022100100461.0,0.0,0.0,1.0,0.0,0.0068,-1.6,-8.8,5.0,0.0,1.5,2.8,1017.3,0.0
43,2022-02-22,3.0,6066066600301354.0,0.0,0.0,4.0,0.0,0.0272,-2.9,-5.8,2.0,0.0,2.2,2.2,1020.8,0.0
44,2022-02-23,1.0,2022022300100171.0,0.0,0.0,1.0,0.0,0.0068,-4.7,-10.1,1.2,0.0,2.0,1.5,1021.7,0.0
45,2022-02-24,2.0,4044044800200671.0,0.0,1.0,1.0,0.0,0.1236,-2.3,-10.2,4.8,0.0,1.3,2.2,1019.8,0.0
46,2022-02-25,1.0,2022022500100162.0,0.0,0.0,1.0,0.0,0.0068,2.4,-5.8,10.3,0.0,1.2,4.6,1016.1,0.0
47,2022-02-26,1.0,2022022600100121.0,0.0,0.0,1.0,0.0,0.0068,6.1,1.2,11.7,0.0,2.2,6.1,1008.1,0.0
48,2022-02-27,1.0,2022022700100157.0,0.0,0.0,0.0,1.0,0.0033,4.3,-1.3,11.4,0.0,1.4,3.4,1011.5,0.0
49,2022-02-28,1.0,2022022800100228.0,0.0,1.0,0.0,0.0,0.1168,6.0,-1.5,13.0,0.0,0.8,3.8,1010.0,0.0
50,2022-03-01,1.0,2022030100100309.0,0.0,0.0,1.0,0.0,0.0068,5.7,0.3,12.5,0.0,1.3,6.2,1004.3,0.0
51,2022-03-02,3.0,6066090600301274.0,0.0,0.0,3.0,2.0,0.027,2.5,-4.4,10.3,0.0,1.4,3.9,1007.5,0.0
52,2022-03-03,1.0,2022030300100310.0,0.0,1.0,0.0,1.0,0.1201,5.4,-1.8,13.6,0.0,1.3,4.3,1007.3,0.0
53,2022-03-04,5.0,1.0110152000501436e+16,0.0,3.0,3.0,1.0,0.3741,8.0,-0.8,16.4,0.0,1.9,5.0,1002.0,0.0
54,2022-03-05,1.0,2022030500100310.0,0.0,0.0,4.0,0.0,0.0272,3.2,-1.1,8.2,0.0,2.9,2.7,1005.7,0.0
55,2022-03-06,1.0,2022030600100151.0,0.0,0.0,1.0,0.0,0.0068,1.8,-3.5,8.5,0.0,1.9,2.0,1010.8,0.0
56,2022-03-07,1.0,2022030700100392.0,0.0,0.0,1.0,0.0,0.0068,3.3,-4.3,11.1,0.0,1.1,2.6,1009.7,0.0
57,2022-03-08,3.0,6066092400300952.0,0.0,0.0,3.0,0.0,0.020399999999999998,5.3,-2.6,13.5,0.0,0.9,4.6,1008.4,0.0
58,2022-03-09,2.0,4044061800200452.0,0.0,0.0,1.0,1.0,0.0101,7.0,-0.5,15.9,0.0,0.9,4.9,1011.0,0.0
59,2022-03-10,1.0,2022031000100213.0,0.0,0.0,1.0,0.0,0.0068,9.1,0.4,17.4,0.0,1.0,4.4,1009.9,0.0
60,2022-03-11,2.0,4044062200200429.0,0.0,0.0,1.0,4.0,0.02,10.7,3.7,16.9,0.0,0.5,6.9,1007.5,0.0
346,2022-03-12,0.0,0.0,0.0,0.0,0.0,0.0,0.0,15.2,8.9,21.1,0.0,1.3,10.5,1004.5,0.0
61,2022-03-13,1.0,2022031300100098.0,0.0,0.0,0.0,1.0,0.0033,13.8,11.8,16.9,0.0,1.4,14.1,1000.5,0.0
62,2022-03-14,2.0,4044062800200486.0,0.0,0.0,1.0,1.0,0.0101,10.2,5.0,14.6,0.0,1.3,11.5,1001.2,0.0
63,2022-03-15,4.0,8088126000400945.0,0.0,3.0,3.0,0.0,0.37079999999999996,8.5,2.2,16.0,0.0,1.1,6.8,1003.6,0.0
64,2022-03-16,3.0,6066094800300608.0,0.0,0.0,3.0,0.0,0.020399999999999998,10.5,2.1,18.3,0.0,1.3,7.0,1005.6,0.0
65,2022-03-17,3.0,6066095100300531.0,0.0,0.0,4.0,1.0,0.0305,8.7,6.1,10.9,0.0,2.0,8.8,1008.1,0.0
66,2022-03-18,1.0,2022031800100065.0,0.0,1.0,0.0,1.0,0.1201,6.7,5.1,9.4,0.0,2.9,7.0,999.7,0.0
347,2022-03-19,0.0,0.0,0.0,0.0,0.0,0.0,0.0,3.7,1.9,7.6,0.0,1.5,6.5,998.7,0.0
67,2022-03-20,1.0,2022032000100135.0,0.0,0.0,0.0,3.0,0.009899999999999999,5.0,1.3,10.5,0.0,1.2,5.7,1008.4,0.0
68,2022-03-21,4.0,8088128400401297.0,0.0,0.0,5.0,0.0,0.033999999999999996,5.0,-1.3,11.7,0.0,1.2,3.8,1012.6,0.0
69,2022-03-22,1.0,2022032200100348.0,0.0,0.0,1.0,0.0,0.0068,7.0,1.0,12.8,0.0,1.4,4.0,1010.9,0.0
70,2022-03-23,3.0,6066096900300782.0,0.0,1.0,0.0,2.0,0.1234,5.0,1.6,8.7,0.0,1.0,5.2,1007.7,0.0
71,2022-03-24,3.0,6066097200300764.0,0.0,1.0,1.0,1.0,0.1269,8.2,0.0,15.3,0.0,1.1,6.6,1009.1,0.0
72,2022-03-25,2.0,4044065000200269.0,0.0,0.0,6.0,0.0,0.040799999999999996,11.9,5.1,18.7,0.0,1.2,9.0,1004.3,0.0
73,2022-03-26,2.0,4044065200200472.0,0.0,0.0,1.0,1.0,0.0101,11.0,7.0,14.6,0.0,1.8,11.4,992.9,0.0
74,2022-03-27,3.0,6066098100300791.0,0.0,1.0,2.0,0.0,0.1304,7.6,2.5,14.6,0.0,2.1,5.6,1005.7,0.0
75,2022-03-28,3.0,6066098400300719.0,0.0,0.0,1.0,4.0,0.02,7.2,-1.9,14.8,0.0,1.0,3.7,1014.8,0.0
76,2022-03-29,4.0,8088131600401221.0,0.0,2.0,2.0,0.0,0.2472,10.0,1.5,18.2,0.0,1.0,6.0,1013.6,0.0
77,2022-03-30,1.0,2022033000100435.0,0.0,0.0,1.0,0.0,0.0068,11.3,4.3,17.5,0.0,0.9,10.2,1009.9,0.0
78,2022-03-31,1.0,2022033100100101.0,0.0,0.0,1.0,0.0,0.0068,10.9,8.4,14.9,0.0,1.6,8.9,1012.9,0.0
79,2022-04-01,3.0,6066120300300951.0,0.0,2.0,2.0,1.0,0.2505,9.2,3.9,15.5,0.0,1.8,5.2,1017.7,0.0
80,2022-04-02,2.0,4044080400200335.0,0.0,1.0,2.0,1.0,0.13369999999999999,7.4,-0.5,15.2,0.0,1.2,4.4,1016.7,0.0
348,2022-04-03,0.0,0.0,0.0,0.0,0.0,0.0,0.0,8.7,0.1,17.2,0.0,1.3,4.7,1017.0,0.0
81,2022-04-04,2.0,4044080800200694.0,0.0,0.0,1.0,1.0,0.0101,10.0,1.5,19.0,0.0,1.3,4.7,1016.9,0.0
82,2022-04-05,2.0,4044081000200080.0,0.0,0.0,3.0,0.0,0.020399999999999998,9.6,0.3,18.2,0.0,1.0,4.6,1011.8,0.0
83,2022-04-06,1.0,2022040600100228.0,0.0,0.0,1.0,0.0,0.0068,11.7,4.0,20.3,0.0,1.6,5.2,1010.3,0.0
84,2022-04-07,3.0,6066122100301199.0,1.0,4.0,4.0,1.0,1.4977,10.7,5.2,18.3,0.8,1.6,5.7,1007.9,0.0
85,2022-04-08,4.0,8088163200401195.0,0.0,0.0,3.0,1.0,0.0237,13.2,3.0,22.9,0.0,1.2,5.0,1008.5,0.0
86,2022-04-09,2.0,4044081800200957.0,0.0,0.0,4.0,0.0,0.0272,17.6,9.8,25.5,0.0,1.5,7.6,1004.9,0.0
87,2022-04-10,3.0,6066123000300646.0,0.0,0.0,0.0,5.0,0.0165,18.3,10.3,27.1,0.0,1.1,8.0,1005.8,0.0
88,2022-04-11,1.0,2022041100100253.0,0.0,0.0,1.0,0.0,0.0068,19.9,12.0,27.4,0.0,1.1,12.6,1002.6,0.0
89,2022-04-12,3.0,6066123600300827.0,0.0,2.0,3.0,0.0,0.254,20.0,14.6,27.0,0.0,1.3,15.6,1000.3,0.0
90,2022-04-13,7.0,1.4154289100701636e+16,0.0,1.0,6.0,8.0,0.184,12.9,8.7,17.3,4.5,2.0,13.8,1003.0,0.0
91,2022-04-14,7.0,1.4154289800701634e+16,1.0,3.0,3.0,1.0,1.3741,10.3,8.4,14.2,0.5,2.5,9.9,1007.0,0.0
92,2022-04-15,1.0,2022041500100118.0,0.0,0.0,1.0,1.0,0.0101,11.9,6.4,18.9,0.0,1.9,7.3,1006.6,0.0
93,2022-04-16,1.0,2022041600100198.0,0.0,0.0,0.0,3.0,0.009899999999999999,12.6,5.7,19.9,0.0,1.5,6.2,1007.0,0.0
94,2022-04-17,3.0,6066125100300499.0,0.0,0.0,4.0,0.0,0.0272,13.0,3.2,21.7,0.0,1.3,6.1,1007.8,0.0
95,2022-04-18,2.0,4044083600200457.0,0.0,0.0,2.0,0.0,0.0136,14.3,8.1,22.3,0.0,1.3,6.7,1007.6,0.0
96,2022-04-19,4.0,8088167600401196.0,0.0,1.0,7.0,3.0,0.17429999999999998,15.0,6.9,23.9,0.0,1.4,6.0,1007.0,0.0
97,2022-04-20,5.0,1.0110210000502052e+16,1.0,2.0,2.0,2.0,1.2538,14.8,6.1,23.0,0.0,1.3,6.2,1005.6,0.0
98,2022-04-21,1.0,2022042100100493.0,0.0,0.0,1.0,0.0,0.0068,14.3,6.8,21.4,0.0,1.1,7.5,1002.1,0.0
99,2022-04-22,2.0,4044084400200911.0,0.0,0.0,2.0,0.0,0.0136,16.5,10.3,24.3,0.0,1.9,12.5,1000.6,0.0
100,2022-04-23,3.0,6066126900300656.0,0.0,2.0,2.0,2.0,0.2538,18.0,11.8,24.8,0.0,1.1,11.9,1001.5,0.0
101,2022-04-24,2.0,4044084800200288.0,0.0,0.0,3.0,0.0,0.020399999999999998,18.9,13.3,27.6,0.0,1.2,13.9,1000.8,0.0
102,2022-04-25,2.0,4044085000200396.0,0.0,0.0,2.0,0.0,0.0136,19.6,14.9,26.2,1.8,1.1,15.6,1000.4,0.0
103,2022-04-26,3.0,6066127800300650.0,0.0,0.0,2.0,3.0,0.0235,18.5,15.4,24.2,5.1,1.4,16.8,993.1,0.0
104,2022-04-27,5.0,1.0110213500501634e+16,0.0,0.0,4.0,2.0,0.0338,17.0,11.5,23.3,0.0,1.5,7.1,1004.1,0.0
105,2022-04-28,2.0,4044085600200519.0,1.0,0.0,0.0,1.0,1.0033,17.2,9.2,25.5,0.0,1.3,9.9,1005.2,0.0
106,2022-04-29,1.0,2022042900100226.0,0.0,1.0,0.0,0.0,0.1168,12.7,9.8,17.0,3.7,2.0,10.5,1005.4,0.0
107,2022-04-30,1.0,2022043000100168.0,0.0,0.0,2.0,1.0,0.0169,12.9,9.0,18.1,0.0,1.5,10.0,1007.1,0.0
108,2022-05-01,2.0,4044100200200697.0,0.0,0.0,0.0,4.0,0.0132,12.8,5.7,19.6,0.0,1.8,7.2,1003.4,0.0
109,2022-05-02,3.0,6066150600300536.0,0.0,1.0,2.0,0.0,0.1304,13.0,6.8,19.9,0.0,1.8,7.6,1003.4,0.0
110,2022-05-03,5.0,1.0110251500501312e+16,0.0,0.0,8.0,0.0,0.0544,13.4,4.3,20.7,0.0,1.2,6.5,1008.7,0.0
111,2022-05-04,4.0,8088201600402629.0,0.0,1.0,2.0,1.0,0.1337,16.5,7.0,25.4,0.0,1.2,7.4,1008.9,0.0
112,2022-05-05,1.0,2022050500100018.0,1.0,1.0,0.0,0.0,1.1168,18.0,8.4,25.9,0.0,1.0,9.4,1008.2,0.0
113,2022-05-06,1.0,2022050600100609.0,0.0,1.0,0.0,0.0,0.1168,19.0,11.3,26.7,0.0,1.2,13.1,1005.9,0.0
114,2022-05-07,3.0,6066152100300860.0,0.0,0.0,1.0,7.0,0.0299,16.9,12.1,23.2,0.0,1.9,10.7,1006.9,0.0
115,2022-05-08,3.0,6066152400300891.0,0.0,0.0,6.0,0.0,0.040799999999999996,16.5,11.0,23.0,0.8,2.1,8.7,1007.6,0.0
116,2022-05-09,4.0,8088203600401020.0,0.0,0.0,4.0,0.0,0.0272,16.3,10.4,22.8,2.0,1.8,9.8,1007.4,0.0
349,2022-05-10,0.0,0.0,0.0,0.0,0.0,0.0,0.0,18.1,10.8,25.5,0.0,1.4,7.2,1005.6,0.0
117,2022-05-11,5.0,1.0110255500501904e+16,0.0,1.0,5.0,1.0,0.15410000000000001,18.7,13.2,24.6,0.0,1.1,10.4,1004.6,0.0
118,2022-05-12,3.0,6066153600300848.0,0.0,2.0,3.0,0.0,0.254,19.9,13.7,27.5,0.0,1.1,12.6,1000.4,0.0
119,2022-05-13,4.0,8088205200400950.0,0.0,0.0,4.0,1.0,0.0305,17.6,14.9,21.3,0.0,1.3,11.9,997.6,0.0
120,2022-05-14,2.0,4044102800201113.0,0.0,0.0,2.0,0.0,0.0136,14.9,8.7,21.2,0.0,1.8,6.2,1002.5,0.0
350,2022-05-15,0.0,0.0,0.0,0.0,0.0,0.0,0.0,14.5,7.9,20.9,0.0,1.8,5.9,1003.9,0.0
121,2022-05-16,5.0,1.0110258000501516e+16,0.0,0.0,4.0,1.0,0.0305,15.7,6.6,23.8,0.0,1.2,7.0,1001.9,0.0
122,2022-05-17,4.0,8088206800401707.0,0.0,1.0,3.0,0.0,0.1372,19.2,10.2,26.9,0.0,1.5,10.0,1003.3,0.0
123,2022-05-18,3.0,6066155400301049.0,0.0,0.0,3.0,0.0,0.020399999999999998,20.8,13.4,26.9,0.0,2.1,9.2,1006.2,0.0
124,2022-05-19,3.0,6066155700301483.0,0.0,1.0,1.0,1.0,0.1269,19.7,16.0,24.3,0.0,1.6,7.2,1006.7,0.0
125,2022-05-20,3.0,6066156000300973.0,0.0,2.0,2.0,0.0,0.2472,19.6,13.0,27.1,0.0,1.2,11.3,1003.2,0.0
126,2022-05-21,2.0,4044104200200163.0,0.0,2.0,2.0,0.0,0.2472,19.6,13.5,26.8,0.0,1.3,14.2,999.3,0.0
127,2022-05-22,3.0,6066156600301063.0,0.0,2.0,2.0,0.0,0.2472,20.2,14.0,28.0,0.0,1.4,15.8,997.9,0.0
128,2022-05-23,4.0,8088209200401530.0,0.0,1.0,2.0,1.0,0.1337,21.8,15.4,29.8,0.0,1.1,16.4,1002.0,0.0
129,2022-05-24,2.0,4044104800200561.0,0.0,0.0,2.0,0.0,0.0136,21.9,13.7,30.0,0.0,1.6,12.7,1003.6,0.0
130,2022-05-25,4.0,8088210000400601.0,0.0,1.0,3.0,0.0,0.1372,21.0,14.3,28.4,0.0,1.3,13.7,998.6,0.0
131,2022-05-26,2.0,4044105200200237.0,0.0,2.0,0.0,1.0,0.2369,18.5,12.2,25.1,4.9,1.5,11.3,994.7,0.0
132,2022-05-27,3.0,6066158100301476.0,0.0,1.0,2.0,0.0,0.1304,20.4,15.4,26.6,0.0,2.2,12.0,991.7,0.0
133,2022-05-28,1.0,2022052800100377.0,0.0,0.0,0.0,1.0,0.0033,22.1,14.5,29.1,0.0,1.4,11.4,995.8,0.0
134,2022-05-29,2.0,4044105800200176.0,0.0,0.0,5.0,0.0,0.033999999999999996,22.5,15.3,29.2,0.0,1.2,14.3,994.7,0.0
135,2022-05-30,2.0,4044106000200413.0,0.0,1.0,2.0,0.0,0.1304,20.7,17.4,26.0,0.0,1.5,15.6,992.3,0.0
136,2022-05-31,2.0,4044106200200928.0,0.0,1.0,1.0,1.0,0.1269,19.8,11.2,27.7,0.0,1.3,9.3,997.8,0.0
137,2022-06-01,8.0,1.6176480800801634e+16,2.0,4.0,1.0,1.0,2.4773,22.0,13.8,30.3,0.0,1.6,8.5,996.0,0.0
138,2022-06-02,4.0,8088240800400881.0,0.0,1.0,7.0,5.0,0.18089999999999998,21.0,12.6,29.1,0.0,1.3,14.7,997.3,0.0
139,2022-06-03,3.0,6066180900301075.0,0.0,0.0,3.0,1.0,0.0237,23.8,17.3,31.6,0.0,1.2,17.0,999.2,0.0
140,2022-06-04,4.0,8088241600401996.0,1.0,2.0,2.0,1.0,1.2505,24.4,19.0,30.3,0.0,1.9,15.3,999.4,0.0
141,2022-06-05,2.0,4044121000200489.0,0.0,0.0,5.0,0.0,0.033999999999999996,18.6,16.6,23.7,1.7,2.0,15.9,992.6,0.0
142,2022-06-06,2.0,4044121200200744.0,0.0,1.0,1.0,1.0,0.1269,18.9,16.1,23.0,0.4,1.5,16.5,990.8,0.0
143,2022-06-07,3.0,6066182100301050.0,0.0,1.0,1.0,1.0,0.12689999999999999,17.0,14.1,20.9,0.4,1.6,14.5,997.3,0.0
144,2022-06-08,2.0,4044121600200897.0,0.0,1.0,1.0,0.0,0.1236,19.9,14.5,26.0,0.0,1.5,14.8,1001.1,0.0
145,2022-06-09,4.0,8088243600400673.0,0.0,3.0,1.0,2.0,0.3638,21.1,17.2,27.2,0.0,1.3,16.8,1002.7,0.0
146,2022-06-10,4.0,8088244000400726.0,0.0,2.0,4.0,0.0,0.2608,22.9,16.4,29.1,0.0,1.3,17.0,1003.0,0.0
147,2022-06-11,4.0,8088244400400906.0,0.0,1.0,3.0,0.0,0.1372,23.8,17.5,30.8,0.0,1.7,15.6,1001.5,0.0
148,2022-06-12,1.0,2022061200100213.0,0.0,0.0,0.0,1.0,0.0033,23.7,18.3,29.5,0.0,1.6,16.4,1001.9,0.0
351,2022-06-13,0.0,0.0,0.0,0.0,0.0,0.0,0.0,22.9,19.3,27.4,0.0,3.0,14.7,998.9,0.0
149,2022-06-14,3.0,6066184200301146.0,0.0,1.0,2.0,0.0,0.1304,18.1,15.7,21.7,1.1,3.1,14.6,998.4,0.0
352,2022-06-15,0.0,0.0,0.0,0.0,0.0,0.0,0.0,19.0,14.9,25.4,8.9,1.3,17.8,996.1,0.0
150,2022-06-16,4.0,8088246400400940.0,0.0,0.0,3.0,1.0,0.0237,20.8,17.5,26.4,0.0,1.2,15.8,997.9,0.0
151,2022-06-17,3.0,6066185100301176.0,0.0,0.0,2.0,2.0,0.0202,22.3,16.1,27.5,0.0,0.8,19.7,997.9,0.0
152,2022-06-18,7.0,1.4154432600701804e+16,0.0,3.0,4.0,4.0,0.39080000000000004,23.9,20.8,28.2,0.0,1.0,21.7,997.3,0.0
153,2022-06-19,2.0,4044123800200568.0,0.0,1.0,1.0,0.0,0.1236,24.3,20.3,28.4,0.0,0.9,22.1,997.4,0.0
154,2022-06-20,2.0,4044124000200606.0,0.0,1.0,1.0,0.0,0.1236,26.1,21.2,32.3,0.0,1.3,22.6,994.2,0.0
155,2022-06-21,3.0,6066186300301191.0,0.0,0.0,2.0,1.0,0.0169,27.0,20.6,35.1,0.0,1.4,22.3,993.4,0.0
156,2022-06-22,5.0,1.0110311000501176e+16,0.0,0.0,2.0,4.0,0.026799999999999997,26.3,21.4,33.2,0.0,1.1,21.5,997.0,0.0
157,2022-06-23,4.0,8088249200401003.0,0.0,0.0,6.0,1.0,0.0441,24.2,20.7,30.2,7.0,1.6,26.4,990.8,0.0
158,2022-06-24,4.0,8088249600400816.0,0.0,2.0,4.0,2.0,0.2674,24.0,22.3,28.2,4.9,2.0,23.8,988.7,0.0
159,2022-06-25,5.0,1.011031250050228e+16,0.0,0.0,5.0,2.0,0.0406,26.9,22.0,32.7,0.0,1.3,25.4,994.5,0.0
160,2022-06-26,4.0,8088250400400683.0,0.0,1.0,4.0,0.0,0.144,27.2,24.1,30.5,0.0,1.7,25.9,998.7,0.0
161,2022-06-27,1.0,2022062700100542.0,0.0,1.0,0.0,1.0,0.1201,27.9,25.1,30.3,0.1,2.0,26.2,997.5,0.0
162,2022-06-28,4.0,8088251200400800.0,0.0,3.0,4.0,0.0,0.3776,29.1,27.3,31.3,0.0,2.9,24.7,993.9,0.0
163,2022-06-29,5.0,1.0110314500501648e+16,0.0,3.0,2.0,0.0,0.364,26.2,24.1,29.2,17.7,2.3,27.8,995.3,0.0
164,2022-06-30,6.0,1.2132378000602092e+16,0.0,1.0,8.0,3.0,0.18109999999999998,26.4,24.4,30.4,5.5,1.7,28.4,1000.5,0.0
165,2022-07-01,2.0,4044140200200927.0,0.0,2.0,3.0,1.0,0.2573,28.0,23.0,33.1,0.0,1.1,26.3,1004.0,0.0
166,2022-07-02,1.0,2022070200100358.0,0.0,3.0,0.0,0.0,0.3504,28.7,23.0,34.0,0.0,1.2,26.7,1002.2,0.0
167,2022-07-03,4.0,8088281200401205.0,0.0,0.0,3.0,6.0,0.0402,27.6,22.3,34.3,50.3,1.2,26.7,998.5,0.0
168,2022-07-04,2.0,4044140800200143.0,0.0,0.0,2.0,1.0,0.0169,27.1,22.7,33.4,0.0,0.8,28.4,995.3,0.0
169,2022-07-05,4.0,8088282000401189.0,0.0,2.0,3.0,0.0,0.254,27.6,23.8,33.7,0.0,0.8,29.6,995.1,0.0
170,2022-07-06,1.0,2022070600100402.0,0.0,0.0,0.0,1.0,0.0033,29.2,24.8,34.6,2.0,1.1,29.5,997.0,0.0
171,2022-07-07,5.0,1.011035350050206e+16,0.0,3.0,2.0,0.0,0.364,28.3,25.7,33.0,7.9,1.7,28.6,995.9,0.0
172,2022-07-08,2.0,4044141600200267.0,0.0,0.0,2.0,0.0,0.0136,26.9,23.3,31.2,0.2,1.1,27.0,992.8,0.0
173,2022-07-09,2.0,4044141800200925.0,0.0,0.0,2.0,1.0,0.0169,25.7,21.9,29.8,0.0,0.7,26.5,992.9,0.0
353,2022-07-10,0.0,0.0,0.0,0.0,0.0,0.0,0.0,27.5,22.9,33.9,2.1,0.8,28.1,994.7,0.0
174,2022-07-11,1.0,2022071100100514.0,0.0,1.0,0.0,0.0,0.1168,24.5,22.9,27.6,1.7,0.8,27.3,996.0,0.0
175,2022-07-12,3.0,6066213600300782.0,1.0,0.0,0.0,4.0,1.0132,26.6,23.4,29.9,0.0,0.9,28.7,997.3,0.0
176,2022-07-13,4.0,8088285200401175.0,0.0,1.0,1.0,2.0,0.1302,24.9,23.9,26.5,8.6,1.7,27.3,993.0,0.0
177,2022-07-14,2.0,4044142800200477.0,0.0,0.0,1.0,1.0,0.0101,26.0,23.1,30.0,0.2,1.4,27.4,990.3,0.0
178,2022-07-15,4.0,8088286000401121.0,0.0,2.0,2.0,0.0,0.2472,25.4,21.3,30.4,0.0,1.1,23.9,990.0,0.0
179,2022-07-16,2.0,4044143200200682.0,0.0,2.0,2.0,0.0,0.24719999999999998,25.5,21.1,30.5,0.0,1.3,23.1,988.8,0.0
180,2022-07-17,2.0,4044143400200513.0,0.0,0.0,3.0,0.0,0.020399999999999998,25.4,20.6,30.1,0.0,1.1,24.3,990.8,0.0
181,2022-07-18,2.0,4044143600200997.0,0.0,0.0,2.0,0.0,0.0136,22.3,21.1,24.7,27.5,1.5,25.3,989.4,0.0
182,2022-07-19,3.0,6066215700300775.0,0.0,2.0,1.0,0.0,0.2404,24.5,20.3,30.7,0.0,0.9,25.5,992.9,0.0
183,2022-07-20,3.0,6066216000300514.0,0.0,0.0,3.0,0.0,0.020399999999999998,26.9,22.4,32.2,0.0,1.0,25.4,996.0,0.0
184,2022-07-21,5.0,1.011036050050166e+16,0.0,0.0,3.0,5.0,0.0369,23.6,22.5,25.6,7.1,1.4,25.6,991.6,0.0
185,2022-07-22,5.0,1.011036100050118e+16,0.0,1.0,4.0,1.0,0.1473,24.9,21.6,29.8,0.0,1.3,23.6,995.8,0.0
186,2022-07-23,2.0,4044144600200489.0,0.0,1.0,1.0,0.0,0.1236,24.2,21.1,28.1,17.4,1.0,24.6,994.7,0.0
187,2022-07-24,2.0,4044144800200700.0,0.0,0.0,3.0,1.0,0.0237,24.1,22.3,26.1,2.4,0.7,28.2,992.4,0.0
188,2022-07-25,1.0,2022072500100498.0,0.0,0.0,1.0,0.0,0.0068,26.7,23.4,31.6,0.0,1.1,26.8,998.5,0.0
189,2022-07-26,3.0,6066217800300747.0,0.0,0.0,4.0,0.0,0.0272,27.7,22.2,33.4,0.0,0.8,27.2,999.2,0.0
190,2022-07-27,1.0,2022072700100461.0,0.0,1.0,0.0,0.0,0.1168,27.5,24.7,30.9,0.0,2.0,25.1,999.5,0.0
191,2022-07-28,1.0,2022072800100172.0,0.0,1.0,0.0,0.0,0.1168,27.0,23.4,33.0,4.4,1.7,27.7,1000.7,0.0
192,2022-07-29,2.0,4044145800200652.0,0.0,0.0,1.0,1.0,0.0101,29.7,24.3,34.5,0.0,1.5,28.5,1001.6,0.0
193,2022-07-30,4.0,8088292000401674.0,0.0,0.0,1.0,8.0,0.0332,28.9,25.4,32.5,0.0,2.3,27.5,999.2,0.0
194,2022-07-31,3.0,6066219300301046.0,0.0,1.0,2.0,0.0,0.1304,26.0,24.9,28.0,5.3,1.5,30.0,995.8,0.0
195,2022-08-01,2.0,4044160200200805.0,1.0,1.0,0.0,0.0,1.1168,27.4,24.8,32.4,1.1,1.7,30.8,995.4,0.0
196,2022-08-02,1.0,2022080200100355.0,0.0,1.0,0.0,0.0,0.1168,27.4,25.5,31.0,0.0,1.5,30.0,999.1,0.0
197,2022-08-03,1.0,2022080300100496.0,0.0,0.0,1.0,0.0,0.0068,28.6,25.6,32.8,0.4,1.5,30.4,1000.4,0.0
198,2022-08-04,2.0,4044160800200588.0,0.0,1.0,2.0,0.0,0.1304,28.3,24.7,33.2,0.0,1.0,30.6,999.6,0.0
199,2022-08-05,1.0,2022080500100238.0,0.0,0.0,0.0,1.0,0.0033,28.4,25.5,32.6,1.2,0.8,31.4,996.5,0.0
200,2022-08-06,3.0,6066241800300849.0,0.0,2.0,5.0,0.0,0.2676,28.8,25.5,33.4,0.0,0.9,31.0,996.3,0.0
201,2022-08-07,1.0,2022080700100317.0,0.0,0.0,5.0,0.0,0.033999999999999996,29.0,26.0,32.8,0.0,1.1,31.3,996.7,0.0
202,2022-08-08,2.0,4044161600200658.0,1.0,0.0,1.0,0.0,1.0068,27.9,26.1,29.5,7.3,2.0,29.8,997.3,0.0
203,2022-08-09,2.0,4044161800200360.0,0.0,1.0,1.0,0.0,0.1236,27.4,25.4,29.8,2.1,2.2,29.4,996.8,0.0
204,2022-08-10,2.0,4044162000200424.0,0.0,1.0,1.0,0.0,0.1236,24.7,23.0,27.5,32.9,1.3,29.6,996.1,0.0
205,2022-08-11,3.0,6066243300301481.0,0.0,1.0,5.0,0.0,0.1508,24.9,24.3,26.2,18.9,1.8,29.7,994.5,0.0
206,2022-08-12,3.0,6066243600301462.0,0.0,0.0,2.0,1.0,0.0169,26.8,23.4,32.0,0.0,1.0,26.6,996.1,0.0
207,2022-08-13,3.0,6066243900301123.0,0.0,0.0,4.0,0.0,0.0272,25.3,23.4,27.8,5.6,0.7,28.5,995.9,0.0
354,2022-08-14,0.0,0.0,0.0,0.0,0.0,0.0,0.0,26.7,24.4,31.0,6.0,1.0,30.9,995.9,0.0
208,2022-08-15,1.0,2022081500100434.0,0.0,0.0,0.0,1.0,0.0033,28.2,24.6,31.1,27.9,2.5,29.3,992.3,0.0
209,2022-08-16,3.0,6066244800300774.0,0.0,1.0,3.0,0.0,0.1372,25.8,23.7,29.7,0.7,1.1,28.5,993.9,0.0
210,2022-08-17,3.0,6066245100301201.0,0.0,0.0,1.0,2.0,0.013399999999999999,24.8,21.6,30.7,7.4,0.9,26.9,996.0,0.0
211,2022-08-18,5.0,1.011040900050168e+16,0.0,1.0,9.0,0.0,0.178,24.4,19.1,30.4,0.0,0.8,23.4,997.6,0.0
212,2022-08-19,8.0,1.6176655200803834e+16,0.0,1.0,7.0,0.0,0.1644,26.0,20.7,29.7,0.0,1.3,27.7,993.3,0.0
213,2022-08-20,5.0,1.0110410000501352e+16,0.0,1.0,5.0,0.0,0.1508,27.2,24.5,31.5,37.4,1.2,30.1,992.1,0.0
214,2022-08-21,4.0,8088328400400811.0,0.0,0.0,2.0,2.0,0.0202,27.0,23.4,32.1,0.0,1.2,26.5,994.8,0.0
215,2022-08-22,4.0,8088328800400880.0,0.0,1.0,4.0,2.0,0.1506,26.8,23.0,32.0,0.0,0.8,26.8,994.5,0.0
216,2022-08-23,2.0,4044164600201027.0,0.0,0.0,2.0,1.0,0.0169,24.1,22.8,25.4,22.7,0.7,27.7,995.8,0.0
217,2022-08-24,3.0,6066247200301092.0,0.0,2.0,0.0,1.0,0.2369,23.0,21.0,25.9,0.3,2.0,21.5,997.7,0.0
218,2022-08-25,1.0,2022082500100561.0,0.0,1.0,0.0,0.0,0.1168,21.8,17.9,28.3,0.0,1.1,20.5,997.6,0.0
355,2022-08-26,0.0,0.0,0.0,0.0,0.0,0.0,0.0,22.1,15.9,27.9,0.0,1.0,19.7,997.5,0.0
219,2022-08-27,4.0,8088330800400930.0,0.0,1.0,2.0,1.0,0.13369999999999999,20.9,16.4,25.3,0.0,1.8,15.1,1000.2,0.0
220,2022-08-28,2.0,4044165600200515.0,1.0,1.0,0.0,0.0,1.1168,21.2,14.7,27.8,0.0,1.2,16.2,1004.2,0.0
221,2022-08-29,1.0,2022082900100262.0,0.0,0.0,2.0,0.0,0.0136,19.5,16.8,21.5,1.8,1.4,17.6,1005.4,0.0
222,2022-08-30,3.0,6066249000300908.0,0.0,0.0,5.0,0.0,0.033999999999999996,19.0,16.8,20.3,9.9,1.0,20.7,1000.3,0.0
223,2022-08-31,2.0,4044166200200528.0,0.0,0.0,3.0,0.0,0.020399999999999998,20.9,19.3,23.6,2.2,0.8,22.2,998.2,0.0
224,2022-09-01,6.0,1.2132540600601038e+16,0.0,0.0,3.0,6.0,0.0402,22.3,19.1,28.2,0.0,0.9,21.1,1003.2,0.0
225,2022-09-02,6.0,1.2132541200602364e+16,0.0,0.0,9.0,0.0,0.0612,22.8,17.8,27.7,0.0,1.9,19.1,1005.3,0.0
226,2022-09-03,1.0,2022090300100470.0,0.0,1.0,0.0,0.0,0.1168,23.3,20.7,26.8,0.0,3.0,19.9,1003.7,0.0
227,2022-09-04,2.0,4044180800200575.0,0.0,0.0,1.0,1.0,0.0101,24.1,20.8,27.4,1.0,1.7,24.2,999.3,0.0
228,2022-09-05,4.0,8088362000401153.0,0.0,0.0,4.0,1.0,0.0305,22.3,18.3,25.2,9.6,1.1,25.9,994.1,0.0
229,2022-09-06,1.0,2022090600100414.0,0.0,0.0,1.0,0.0,0.0068,20.1,17.1,25.5,23.6,2.6,18.5,994.9,0.0
230,2022-09-07,9.0,1.819881630090397e+16,0.0,2.0,4.0,7.0,0.2839,20.6,16.2,27.7,0.0,1.0,16.6,1007.0,0.0
231,2022-09-08,3.0,6066272400301213.0,0.0,1.0,2.0,2.0,0.137,21.1,14.3,29.2,0.0,0.7,16.6,1007.6,0.0
232,2022-09-09,1.0,2022090900100360.0,0.0,1.0,0.0,0.0,0.1168,22.9,17.3,28.7,0.0,1.2,17.1,1007.0,0.0
233,2022-09-10,1.0,2022091000100142.0,0.0,0.0,2.0,0.0,0.0136,22.1,18.8,26.7,0.0,2.1,16.7,1007.0,0.0
356,2022-09-11,0.0,0.0,0.0,0.0,0.0,0.0,0.0,23.3,19.4,28.3,0.0,1.2,19.2,1004.3,0.0
357,2022-09-12,0.0,0.0,0.0,0.0,0.0,0.0,0.0,23.0,20.7,26.6,0.9,0.9,23.7,1003.8,0.0
234,2022-09-13,4.0,8088365200401192.0,0.0,2.0,0.0,10.0,0.26660000000000006,24.1,21.3,27.1,0.0,1.4,22.4,1005.0,0.0
235,2022-09-14,5.0,1.0110457000501106e+16,0.0,1.0,3.0,5.0,0.1537,24.7,21.6,28.4,0.0,3.0,15.3,1005.0,0.0
236,2022-09-15,4.0,8088366000401251.0,0.0,1.0,4.0,0.0,0.144,25.2,21.8,29.3,0.0,2.9,20.3,1000.8,0.0
237,2022-09-16,3.0,6066274800300854.0,0.0,1.0,1.0,1.0,0.1269,25.2,21.5,29.2,0.1,2.2,23.4,997.9,0.0
238,2022-09-17,2.0,4044183400200942.0,0.0,1.0,4.0,0.0,0.144,26.8,23.0,32.7,0.0,1.2,26.0,997.6,0.0
239,2022-09-18,3.0,6066275400300963.0,0.0,1.0,3.0,0.0,0.1372,27.5,23.4,32.6,0.0,1.8,25.7,992.4,0.0
240,2022-09-19,6.0,1.2132551400602532e+16,1.0,2.0,3.0,0.0,1.254,24.4,18.8,30.3,0.0,3.2,18.9,990.3,0.0
241,2022-09-20,1.0,2022092000100161.0,0.0,0.0,1.0,0.0,0.0068,19.1,15.1,24.6,0.0,1.5,13.3,1002.8,0.0
242,2022-09-21,2.0,4044184200200617.0,0.0,0.0,4.0,0.0,0.0272,18.5,13.2,24.1,0.0,1.5,12.8,1006.7,0.0
243,2022-09-22,6.0,1.2132553200601788e+16,0.0,1.0,3.0,6.0,0.157,18.0,12.7,23.8,0.0,1.1,12.3,1005.0,0.0
244,2022-09-23,5.0,1.0110461500502272e+16,0.0,1.0,4.0,0.0,0.144,17.0,12.9,23.7,0.5,1.4,13.3,1003.3,0.0
245,2022-09-24,2.0,4044184800200076.0,0.0,1.0,1.0,0.0,0.1236,17.1,10.6,23.9,0.0,1.4,11.6,1006.8,0.0
358,2022-09-25,0.0,0.0,0.0,0.0,0.0,0.0,0.0,17.9,14.0,24.8,0.0,0.8,13.3,1006.1,0.0
246,2022-09-26,1.0,2022092600100322.0,0.0,0.0,1.0,0.0,0.0068,18.7,14.5,25.6,0.0,0.8,13.5,1006.4,0.0
247,2022-09-27,1.0,2022092700100051.0,0.0,0.0,0.0,1.0,0.0033,19.0,12.1,27.5,0.0,0.8,13.5,1005.2,0.0
248,2022-09-28,2.0,4044185600201007.0,0.0,1.0,0.0,3.0,0.1267,18.9,14.1,25.3,0.0,0.6,16.4,1003.6,0.0
249,2022-09-29,3.0,6066278700300807.0,0.0,0.0,2.0,1.0,0.0169,0.0,15.1,0.0,0.0,0.5,0.0,0.0,0.0
250,2022-09-30,3.0,6066279000300900.0,0.0,2.0,2.0,0.0,0.2472,0.0,12.9,27.8,0.0,0.5,0.0,0.0,0.0
251,2022-10-01,1.0,2022100100100325.0,0.0,1.0,0.0,0.0,0.1168,19.1,12.4,27.5,0.0,0.6,14.8,1007.4,0.0
252,2022-10-02,2.0,4044200400200794.0,0.0,0.0,0.0,3.0,0.009899999999999999,20.6,16.6,28.1,1.6,1.0,17.1,1006.0,0.0
253,2022-10-03,2.0,4044200600200637.0,0.0,1.0,1.0,0.0,0.1236,23.1,18.2,25.8,8.8,1.7,23.7,1002.9,0.0
254,2022-10-04,5.0,1.0110502000501584e+16,0.0,0.0,4.0,2.0,0.0338,19.6,14.9,24.5,24.7,1.9,18.5,1002.5,0.0
255,2022-10-05,1.0,2022100500100431.0,0.0,0.0,0.0,1.0,0.0033,15.6,13.0,21.1,0.0,1.0,12.4,1009.2,0.0
256,2022-10-06,7.0,1.4154704200702436e+16,0.0,1.0,7.0,1.0,0.1677,15.7,13.1,20.9,1.0,0.9,14.0,1008.4,0.0
257,2022-10-07,2.0,4044201400201133.0,0.0,0.0,0.0,3.0,0.009899999999999999,14.8,11.5,18.8,0.0,1.8,11.1,1009.2,0.0
258,2022-10-08,2.0,4044201600200797.0,0.0,0.0,4.0,1.0,0.0305,15.7,9.7,20.6,0.0,1.7,10.7,1013.0,0.0
359,2022-10-09,0.0,0.0,0.0,0.0,0.0,0.0,0.0,12.8,10.7,15.0,4.7,1.0,12.4,1007.7,0.0
259,2022-10-10,4.0,8088404000400493.0,1.0,0.0,9.0,1.0,1.0645,10.2,7.7,13.4,2.8,1.9,9.1,1004.8,0.0
260,2022-10-11,3.0,6066303300300619.0,1.0,0.0,0.0,2.0,1.0066000000000002,11.4,7.8,17.3,0.0,1.6,9.2,1011.2,0.0
261,2022-10-12,5.0,1.0110506000501446e+16,0.0,8.0,4.0,1.0,0.9649,11.8,4.9,20.1,0.0,0.7,10.6,1015.8,0.0
262,2022-10-13,6.0,1.2132607800601788e+16,0.0,1.0,6.0,0.0,0.1576,15.0,9.2,22.1,0.0,0.8,12.4,1014.0,0.0
263,2022-10-14,5.0,1.0110507000501976e+16,0.0,1.0,2.0,2.0,0.137,15.4,10.6,22.4,0.0,0.8,13.0,1009.5,0.0
264,2022-10-15,6.0,1.2132609000602484e+16,0.0,3.0,9.0,1.0,0.4149,18.0,12.8,24.5,0.0,0.6,14.5,1008.3,0.0
265,2022-10-16,2.0,4044203200200117.0,0.0,1.0,1.0,0.0,0.1236,17.3,14.4,22.1,0.0,0.9,15.6,1007.7,0.0
360,2022-10-17,0.0,0.0,0.0,0.0,0.0,0.0,0.0,12.3,7.5,15.3,0.0,2.5,7.1,1009.2,0.0
266,2022-10-18,8.0,1.6176814400802652e+16,0.0,1.0,9.0,2.0,0.18460000000000001,7.8,2.2,14.2,0.0,1.7,6.0,1012.4,0.0
267,2022-10-19,8.0,1.6176815200802702e+16,0.0,2.0,4.0,4.0,0.27399999999999997,8.7,1.4,16.6,0.0,1.1,6.5,1015.6,0.0
268,2022-10-20,2.0,4044204000200353.0,0.0,0.0,3.0,0.0,0.020399999999999998,10.3,3.1,19.2,0.0,0.7,8.2,1017.1,0.0
269,2022-10-21,5.0,1.011051050050236e+16,0.0,0.0,5.0,0.0,0.033999999999999996,11.8,6.0,18.9,0.0,0.6,9.6,1014.1,0.0
270,2022-10-22,1.0,2022102200100351.0,0.0,0.0,0.0,9.0,0.0297,13.9,8.1,21.5,0.0,0.9,11.2,1010.6,0.0
271,2022-10-23,1.0,2022102300100142.0,0.0,0.0,1.0,0.0,0.0068,13.4,9.8,19.4,0.0,1.6,9.5,1008.4,0.0
272,2022-10-24,1.0,2022102400100628.0,0.0,0.0,1.0,0.0,0.0068,9.3,4.9,15.1,0.0,1.7,6.3,1010.9,0.0
273,2022-10-25,2.0,4044205000201255.0,0.0,1.0,1.0,0.0,0.1236,9.5,3.2,16.3,0.0,0.7,7.2,1017.1,0.0
274,2022-10-26,2.0,4044205200200190.0,0.0,0.0,1.0,1.0,0.0101,11.0,4.6,18.2,0.0,0.6,7.9,1016.9,0.0
275,2022-10-27,2.0,4044205400200671.0,0.0,0.0,1.0,1.0,0.0101,12.6,6.2,20.3,0.0,1.0,9.1,1015.0,0.0
276,2022-10-28,7.0,1.4154719600702174e+16,0.0,1.0,5.0,7.0,0.1739,13.5,8.9,19.9,0.0,0.7,10.7,1015.2,0.0
277,2022-10-29,4.0,8088411600401318.0,0.0,2.0,2.0,1.0,0.2505,13.6,8.3,20.7,0.0,0.5,10.4,1015.4,0.0
278,2022-10-30,2.0,4044206000200536.0,0.0,2.0,0.0,0.0,0.2336,13.8,8.3,20.7,0.0,0.7,10.2,1014.6,0.0
279,2022-10-31,7.0,1.4154721700702602e+16,0.0,1.0,2.0,8.0,0.1568,13.9,9.6,20.0,0.0,0.8,9.7,1013.4,0.0
280,2022-11-01,2.0,4044220200201099.0,0.0,0.0,1.0,1.0,0.0101,12.8,8.4,19.2,0.0,1.0,10.8,1011.5,0.0
361,2022-11-02,0.0,0.0,0.0,0.0,0.0,0.0,0.0,10.0,4.6,19.0,0.0,0.8,7.6,1010.3,0.0
281,2022-11-03,4.0,8088441200401531.0,0.0,1.0,1.0,4.0,0.1368,9.3,3.7,16.4,0.0,1.1,6.8,1009.1,0.0
282,2022-11-04,4.0,8088441600401753.0,0.0,1.0,3.0,1.0,0.1405,5.7,1.3,10.5,0.0,1.8,4.2,1012.7,0.0
283,2022-11-05,3.0,6066331500300853.0,0.0,0.0,5.0,2.0,0.0406,5.9,-1.8,14.5,0.0,0.8,4.9,1014.7,0.0
284,2022-11-06,1.0,2022110600100143.0,0.0,0.0,0.0,1.0,0.0033,8.1,1.2,16.6,0.0,0.5,6.8,1014.0,0.0
362,2022-11-07,0.0,0.0,0.0,0.0,0.0,0.0,0.0,9.3,2.4,16.9,0.0,0.5,6.9,1012.7,0.0
285,2022-11-08,2.0,4044221600200814.0,0.0,0.0,4.0,0.0,0.0272,11.9,6.3,18.9,0.0,0.7,8.8,1014.2,0.0
286,2022-11-09,7.0,1.4154776300702976e+16,0.0,1.0,1.0,7.0,0.1467,9.6,5.4,16.3,0.0,0.6,9.3,1014.9,0.0
287,2022-11-10,3.0,6066333000301657.0,0.0,0.0,1.0,2.0,0.013399999999999999,11.3,5.1,18.7,0.0,0.5,9.1,1014.2,0.0
288,2022-11-11,2.0,4044222200201055.0,0.0,0.0,2.0,1.0,0.0169,13.9,7.7,22.0,0.0,0.5,9.6,1014.4,0.0
289,2022-11-12,3.0,6066333600300779.0,0.0,0.0,2.0,2.0,0.0202,17.6,9.8,24.3,0.0,1.3,13.5,1005.7,0.0
290,2022-11-13,1.0,2022111300100456.0,0.0,0.0,1.0,0.0,0.0068,11.0,9.3,18.9,0.0,1.4,10.3,1005.2,0.0
291,2022-11-14,3.0,6066334200300769.0,0.0,0.0,3.0,2.0,0.027,9.2,5.1,15.1,0.0,1.1,8.3,1007.7,0.0
292,2022-11-15,1.0,2022111500100339.0,0.0,0.0,1.0,0.0,0.0068,7.8,1.7,14.2,0.0,1.0,7.3,1007.0,0.0
293,2022-11-16,5.0,1.011055800050188e+16,0.0,1.0,4.0,3.0,0.15389999999999998,8.5,4.4,15.3,0.0,1.1,7.3,1009.9,0.0
294,2022-11-17,2.0,4044223400200991.0,0.0,0.0,2.0,0.0,0.0136,9.1,4.0,15.9,0.0,0.6,6.8,1013.3,0.0
295,2022-11-18,5.0,1.011055900050294e+16,0.0,1.0,1.0,5.0,0.1401,9.1,2.5,17.7,0.0,0.6,6.4,1015.3,0.0
296,2022-11-19,4.0,8088447600401538.0,0.0,4.0,7.0,1.0,0.5181,11.3,4.3,19.0,0.0,0.6,7.7,1011.7,0.0
297,2022-11-20,1.0,2022112000100281.0,0.0,1.0,1.0,0.0,0.1236,12.6,9.2,18.9,0.0,0.5,9.1,1009.2,0.0
298,2022-11-21,1.0,2022112100100484.0,0.0,0.0,1.0,0.0,0.0068,11.7,5.7,19.7,0.0,0.7,8.5,1010.8,0.0
299,2022-11-22,3.0,6066336600300497.0,0.0,0.0,2.0,1.0,0.0169,10.5,8.1,13.5,0.0,0.5,10.2,1009.8,0.0
300,2022-11-23,3.0,6066336900300662.0,0.0,4.0,3.0,0.0,0.4876,10.5,5.5,16.6,0.0,1.2,7.5,1007.1,0.0
301,2022-11-24,4.0,8088449600400952.0,0.0,1.0,3.0,2.0,0.14379999999999998,8.1,2.6,14.7,0.0,0.5,6.8,1010.6,0.0
302,2022-11-25,3.0,6066337500300757.0,0.0,1.0,1.0,1.0,0.1269,9.4,2.3,17.3,0.0,0.7,6.9,1007.8,0.0
303,2022-11-26,3.0,6066337800301360.0,0.0,0.0,3.0,0.0,0.020399999999999998,8.5,1.6,14.1,0.0,1.9,5.9,1007.7,0.0
304,2022-11-27,4.0,8088450800400808.0,0.0,2.0,6.0,1.0,0.2777,5.8,-1.2,13.8,0.0,0.6,4.6,1009.9,0.0
305,2022-11-28,5.0,1.0110564000501854e+16,0.0,1.0,5.0,3.0,0.16069999999999998,8.0,3.0,11.7,0.0,0.6,8.9,1004.5,0.0
306,2022-11-29,7.0,1.4154790300701892e+16,0.0,0.0,9.0,0.0,0.0612,8.4,0.9,13.4,0.0,2.8,7.2,1006.4,0.0
307,2022-11-30,2.0,4044226000200900.0,0.0,0.0,2.0,0.0,0.0136,-3.2,-5.2,0.9,0.0,3.1,2.4,1020.5,0.0
308,2022-12-01,2.0,4044240200200644.0,0.0,1.0,1.0,0.0,0.1236,-3.6,-7.3,1.0,0.0,1.8,1.9,1020.7,0.0
309,2022-12-02,2.0,4044240400200622.0,0.0,1.0,1.0,3.0,0.1335,-1.9,-6.5,2.8,0.0,0.8,2.9,1019.0,0.0
310,2022-12-03,2.0,4044240600200296.0,0.0,1.0,0.0,1.0,0.1201,2.1,-1.9,5.6,0.0,0.7,5.0,1014.8,0.0
311,2022-12-04,2.0,4044240800200730.0,0.0,1.0,2.0,0.0,0.1304,-1.6,-3.7,3.6,0.0,2.5,2.1,1020.1,0.0
312,2022-12-05,1.0,2022120500100405.0,0.0,0.0,1.0,0.0,0.0068,-2.6,-5.4,3.0,0.0,1.6,1.7,1018.4,0.0
313,2022-12-06,2.0,4044241200201176.0,0.0,1.0,1.0,2.0,0.1302,-0.1,-6.3,5.8,0.0,0.7,4.3,1013.0,0.0
314,2022-12-07,7.0,1.415484490070146e+16,1.0,1.0,3.0,13.0,1.1801,4.1,-0.4,9.2,0.0,1.1,5.1,1013.1,0.0
315,2022-12-08,1.0,2022120800100536.0,0.0,0.0,1.0,0.0,0.0068,3.2,-1.7,9.9,0.0,0.5,4.6,1015.1,0.0
316,2022-12-09,4.0,8088483600400788.0,0.0,0.0,3.0,2.0,0.027,3.7,-1.7,11.5,0.0,0.6,5.4,1011.9,0.0
317,2022-12-10,4.0,8088484000400911.0,0.0,1.0,2.0,1.0,0.13369999999999999,1.5,-2.7,5.2,0.0,0.5,5.0,1009.7,0.0
318,2022-12-11,3.0,6066363300300744.0,0.0,1.0,2.0,3.0,0.1403,1.6,-3.2,8.4,0.0,0.9,3.5,1012.3,0.0
319,2022-12-12,4.0,8088484800401310.0,0.0,0.0,1.0,3.0,0.0167,1.3,-4.0,6.7,0.0,0.8,4.6,1009.7,0.0
320,2022-12-13,2.0,4044242600200623.0,0.0,2.0,0.0,0.0,0.2336,1.1,-2.9,3.8,0.0,1.9,5.4,1008.2,0.0
321,2022-12-14,2.0,4044242800200259.0,0.0,0.0,3.0,0.0,0.020399999999999998,-7.4,-9.8,-2.9,0.0,2.0,2.3,1017.0,0.0
322,2022-12-15,3.0,6066364500301143.0,0.0,0.0,3.0,0.0,0.020399999999999998,-2.5,-9.5,3.5,0.0,1.1,4.1,1014.0,0.0
323,2022-12-16,1.0,2022121600100415.0,0.0,0.0,3.0,0.0,0.020399999999999998,-5.1,-8.1,-2.2,0.0,1.1,2.6,1019.1,0.0
324,2022-12-17,2.0,4044243400200440.0,0.0,0.0,3.0,1.0,0.0237,-6.4,-9.6,-3.0,0.0,1.4,2.5,1014.0,0.0
363,2022-12-18,0.0,0.0,0.0,0.0,0.0,0.0,0.0,-8.9,-13.8,-5.0,0.0,1.0,1.8,1012.5,0.0
325,2022-12-19,1.0,2022121900100018.0,0.0,0.0,0.0,1.0,0.0033,-6.4,-13.0,-0.8,0.0,0.7,2.3,1015.8,0.0
326,2022-12-20,3.0,6066366000300823.0,0.0,0.0,1.0,3.0,0.0167,-3.0,-9.1,2.9,0.0,0.6,3.1,1015.5,0.0
364,2022-12-21,0.0,0.0,0.0,0.0,0.0,0.0,0.0,-0.1,-2.5,1.4,0.0,0.7,5.3,1001.4,0.0
327,2022-12-22,1.0,2022122200100371.0,0.0,0.0,1.0,0.0,0.0068,-5.1,-8.3,0.2,0.0,2.5,2.9,999.5,0.0
328,2022-12-23,1.0,2022122300100061.0,0.0,0.0,1.0,0.0,0.0068,-8.2,-10.7,-5.2,0.0,3.0,2.1,1002.6,0.0
329,2022-12-24,3.0,6066367200300475.0,0.0,0.0,3.0,0.0,0.020399999999999998,-9.2,-13.6,-4.2,0.0,0.9,1.7,1009.8,0.0
330,2022-12-25,3.0,6066367500300766.0,0.0,0.0,3.0,0.0,0.020399999999999998,-5.4,-12.1,2.4,0.0,0.7,2.7,1012.8,0.0
331,2022-12-26,7.0,1.4154858200701796e+16,0.0,1.0,4.0,3.0,0.15389999999999998,-4.1,-9.7,1.4,0.0,0.4,3.1,1015.3,0.0
332,2022-12-27,3.0,6066368100301205.0,0.0,0.0,0.0,3.0,0.009899999999999999,-2.9,-8.9,3.2,0.0,0.4,3.4,1018.2,0.0
333,2022-12-28,5.0,1.011061400050164e+16,0.0,2.0,2.0,1.0,0.2505,-2.4,-5.5,2.8,0.0,1.2,3.3,1019.3,0.0
334,2022-12-29,2.0,4044245800200715.0,0.0,1.0,2.0,0.0,0.1304,-3.5,-8.5,1.5,0.0,0.6,2.9,1021.7,0.0
335,2022-12-30,4.0,8088492000401123.0,0.0,1.0,7.0,1.0,0.1677,-1.0,-3.9,3.0,0.0,1.0,3.7,1020.9,0.0
336,2022-12-31,1.0,2022123100100137.0,0.0,0.0,2.0,0.0,0.0136,-1.4,-4.8,4.5,0.0,0.6,3.7,1020.0,0.0
